Фамилия: ИВАНОВА;Имя и отчество: Елизавета Сергеевна;Номер телефона: 8 (495) 546-01-68;Комментарий: доб. 1331
Фамилия: ИВАНОВА;Имя и отчество: Елизавета Сергеевна;Номер телефона: 8 (495) 546-01-68;Комментарий: доб. 1331
Фамилия: ИВАНОВА;Имя и отчество: Елизавета Сергеевна;Номер телефона: 8 (495) 546-01-68;Комментарий: доб. 1331
Фамилия: ИВАНОВА;Имя и отчество: Елизавета Сергеевна;Номер телефона: 8 (495) 546-01-68;Комментарий: доб. 1331
Фамилия: ИВАНОВА;Имя и отчество: Елизавета Сергеевна;Номер телефона: 8 (495) 546-01-68;Комментарий: доб. 1331
Фамилия: ИВАНОВА;Имя и отчество: Елизавета Сергеевна;Номер телефона: 8 (495) 546-01-68;Комментарий: доб. 1331
Фамилия: ИВАНОВА;Имя и отчество: Елизавета Сергеевна;Номер телефона: 8 (495) 546-01-68;Комментарий: доб. 1331
Фамилия: ИВАНОВА;Имя и отчество: Елизавета Сергеевна;Номер телефона: 8 (495) 546-01-68;Комментарий: доб. 1331
Фамилия: ИВАНОВА;Имя и отчество: Елизавета Сергеевна;Номер телефона: 8 (495) 546-01-68;Комментарий: доб. 1331
Фамилия: ИВАНОВА;Имя и отчество: Елизавета Сергеевна;Номер телефона: 8 (495) 546-01-68;Комментарий: доб. 1331
Фамилия: ИВАНОВА;Имя и отчество: Елизавета Сергеевна;Номер телефона: 8 (495) 546-01-68;Комментарий: доб. 1331
Фамилия: ИВАНОВА;Имя и отчество: Елизавета Сергеевна;Номер телефона: 8 (495) 546-01-68;Комментарий: доб. 1331
Фамилия: ИВАНОВА;Имя и отчество: Елизавета Сергеевна;Номер телефона: 8 (495) 546-01-68;Комментарий: доб. 1331
Фамилия: ИВАНОВА;Имя и отчество: Елизавета Сергеевна;Номер телефона: 8 (495) 546-01-68;Комментарий: доб. 1331
Фамилия: ИВАНОВА;Имя и отчество: Елизавета Сергеевна;Номер телефона: 8 (495) 546-01-68;Комментарий: доб. 1331
Фамилия: ИВАНОВА;Имя и отчество: Елизавета Сергеевна;Номер телефона: 8 (495) 546-01-68;Комментарий: доб. 1331
